<?xml version="1.0" encoding="utf-8"?>
<cck type="fields">
	<author>Simon Dowdles</author>
	<authoremail>simon@onestuckpixel.com</authoremail>
	<authorurl>http://www.onestuck.com</authorurl>
	<copyright>Copyright (C) 2011 Simon Dowdles. All Rights Reserved.</copyright>
	<license>GNU General Public License version 2 or later.</license>
	<field>
		<id />
		<title>SD Core field Concat Process On Edit</title>
		<name>sd_core_field_concat_process_edit</name>
		<folder>quick_folder</folder>
		<type>radio</type>
		<description>Choose whether you want this plugin to process on edit or not.</description>
		<published />
		<label>Process on edit</label>
		<selectlabel></selectlabel>
		<display>3</display>
		<required />
		<validation />
		<defaultvalue>1</defaultvalue>
		<options>Yes=1||No=0</options>
		<options2 />
		<minlength />
		<maxlength>255</maxlength>
		<size>32</size>
		<cols />
		<rows />
		<ordering />
		<sorting />
		<divider />
		<bool />
		<location />
		<extended />
		<style />
		<script />
		<bool2 />
		<bool3 />
		<bool4 />
		<bool5 />
		<bool6 />
		<bool7 />
		<bool8 />
		<css />
		<attributes />
		<storage>dev</storage>
		<storage_location />
		<storage_table />
		<storage_field>json[options2][sd_core_field_concat_process_edit]</storage_field>
		<storage_field2 />
		<storage_params />
		<storages />
		<checked_out />
		<checked_out_time>0000-00-00 00:00:00</checked_out_time>
	</field>
</cck>