<?xml version="1.0" encoding="utf-8"?>
<extension type="package" version="2.5" method="upgrade">
	<name>pkg_app_cck_portal_transparecia</name>
	<packagename>app_cck_portal_transparecia</packagename>
	<packager>Octopoos</packager>
	<packagerurl>http://www.seblod.com</packagerurl>
	<copyright>Copyright (C) 2013 SEBLOD. All Rights Reserved.</copyright>
	<license>GNU General Public License version 2 or later.</license>
	<creationDate>March 2014</creationDate>
	<description>SEBLOD 3.x Portal Transparecia App - www.seblod.com</description>
	<version>2.0.0</version>
	<scriptfile>pkg_script.php</scriptfile>
	<files folder="extensions">
		<file type="plugin" id="plg_system_blank" group="system">plg_system_blank.zip</file>
		<file type="plugin" id="plg_cck_field_sd_field_concat" group="cck_field">plg_cck_field_sd_field_concat.zip</file>
	</files>
	<languages folder="languages" />
</extension>