<?xml version="1.0" encoding="utf-8"?>
<cck type="folders">
	<author>Octopoos</author>
	<authorEmail>contact@seblod.com</authorEmail>
	<authorUrl>http://www.seblod.com</authorUrl>
	<copyright>Copyright (C) 2013 SEBLOD. All Rights Reserved.</copyright>
	<license>GNU General Public License version 2 or later.</license>
	<description>SEBLOD 3.x - www.seblod.com</description>
	<folder>
		<id />
		<asset_id />
		<parent_id />
		<path>portal_transparecia</path>
		<title>Portal Transparecia</title>
		<name>portal_transparecia</name>
		<color>#ff9d00</color>
		<introchar>PT</introchar>
		<colorchar>#171717</colorchar>
		<elements>type,field,search,template</elements>
		<icon_path />
		<depth />
		<lft />
		<rgt />
		<description />
		<app />
		<featured>0</featured>
		<home>0</home>
		<published>1</published>
		<checked_out>0</checked_out>
		<checked_out_time>0000-00-00 00:00:00</checked_out_time>
	</folder>
	<acl>{&quot;core.create&quot;:{&quot;6&quot;:1,&quot;3&quot;:1},&quot;core.delete&quot;:{&quot;6&quot;:1},&quot;core.delete.own&quot;:[],&quot;core.edit&quot;:{&quot;6&quot;:1,&quot;4&quot;:1},&quot;core.edit.state&quot;:{&quot;6&quot;:1,&quot;5&quot;:1},&quot;core.edit.own&quot;:{&quot;6&quot;:1,&quot;3&quot;:1}}</acl>
</cck>