<?xml version="1.0" encoding="utf-8"?>
<cck type="tables">
	<author>Octopoos</author>
	<authorEmail>contact@seblod.com</authorEmail>
	<authorUrl>http://www.seblod.com</authorUrl>
	<copyright>Copyright (C) 2013 SEBLOD. All Rights Reserved.</copyright>
	<license>GNU General Public License version 2 or later.</license>
	<description>SEBLOD 3.x - www.seblod.com</description>
	<table>
		<name>#__cck_store_form_contratos_e_convenios</name>
	</table>
	<indexes>
		<index1 column_name="id" index_type="BTREE" seq_in_type="1">PRIMARY</index1>
	</indexes>
	<fields>
		<field1 type="int(11)" default="">id</field1>
		<field2 type="varchar(255)" default="">cc_numero</field2>
		<field3 type="text" default="">cc_objeto</field3>
		<field4 type="varchar(255)" default="">cc_valor</field4>
		<field5 type="datetime" default="">cc_vigencia</field5>
		<field6 type="varchar(255)" default="">cc_arquivo</field6>
		<field7 type="varchar(255)" default="">catid</field7>
		<field8 type="varchar(255)" default="">cc_divisao</field8>
	</fields>
</cck>