<?xml version="1.0" encoding="utf-8"?>
<cck type="fields">
	<author>Octopoos</author>
	<authorEmail>contact@seblod.com</authorEmail>
	<authorUrl>http://www.seblod.com</authorUrl>
	<copyright>Copyright (C) 2013 SEBLOD. All Rights Reserved.</copyright>
	<license>GNU General Public License version 2 or later.</license>
	<description>SEBLOD 3.x - www.seblod.com</description>
	<field>
		<id />
		<title>CC Arquivo</title>
		<name>cc_arquivo</name>
		<folder>portal_transparecia</folder>
		<type>upload_file</type>
		<description />
		<published>1</published>
		<label>Arquivo</label>
		<selectlabel> </selectlabel>
		<display>3</display>
		<required />
		<validation />
		<defaultvalue />
		<options />
		<options2>{&quot;path&quot;:&quot;files\/cc\/&quot;,&quot;storage_format&quot;:&quot;0&quot;,&quot;path_content&quot;:&quot;0&quot;,&quot;folder_permissions&quot;:&quot;0755&quot;,&quot;path_user&quot;:&quot;0&quot;,&quot;media_extensions&quot;:&quot;archive&quot;,&quot;legal_extensions&quot;:&quot;doc,pdf,ppt,xls,zip,DOC,PDF,PPT,XLS,ZIP&quot;,&quot;max_size&quot;:&quot;5&quot;,&quot;size_unit&quot;:&quot;2&quot;,&quot;preview&quot;:&quot;0&quot;,&quot;delete_box&quot;:&quot;1&quot;,&quot;custom_path&quot;:&quot;0&quot;,&quot;path_label&quot;:&quot;Path&quot;,&quot;multivalue_mode&quot;:&quot;0&quot;,&quot;title_file&quot;:&quot;1&quot;,&quot;title_label&quot;:&quot;Link Title&quot;}</options2>
		<minlength>0</minlength>
		<maxlength>255</maxlength>
		<size>32</size>
		<cols>0</cols>
		<rows>0</rows>
		<ordering>0</ordering>
		<sorting>0</sorting>
		<divider />
		<bool>0</bool>
		<location />
		<extended />
		<style />
		<script />
		<bool2>0</bool2>
		<bool3>0</bool3>
		<bool4>0</bool4>
		<bool5>0</bool5>
		<bool6>0</bool6>
		<bool7>0</bool7>
		<bool8>1</bool8>
		<css />
		<attributes />
		<storage>standard</storage>
		<storage_location>joomla_article</storage_location>
		<storage_table>#__cck_store_form_contratos_e_convenios</storage_table>
		<storage_field>cc_arquivo</storage_field>
		<storage_field2 />
		<storage_params />
		<storages />
		<checked_out>0</checked_out>
		<checked_out_time>0000-00-00 00:00:00</checked_out_time>
	</field>
</cck>