<?xml version="1.0" encoding="utf-8"?>
<cck type="fields">
	<author>Octopoos</author>
	<authorEmail>contact@seblod.com</authorEmail>
	<authorUrl>http://www.seblod.com</authorUrl>
	<copyright>Copyright (C) 2013 SEBLOD. All Rights Reserved.</copyright>
	<license>GNU General Public License version 2 or later.</license>
	<description>SEBLOD 3.x - www.seblod.com</description>
	<field>
		<id />
		<title>EL Data Abertura</title>
		<name>el_data_abertura</name>
		<folder>portal_transparecia</folder>
		<type>calendar</type>
		<description />
		<published>1</published>
		<label>Data de Abertura</label>
		<selectlabel> </selectlabel>
		<display>3</display>
		<required />
		<validation />
		<defaultvalue />
		<options />
		<options2>{&quot;format&quot;:&quot;d\/m\/Y&quot;,&quot;storage_format&quot;:&quot;0&quot;,&quot;dates&quot;:&quot;0&quot;,&quot;theme&quot;:&quot;steel&quot;,&quot;week_numbers&quot;:&quot;0&quot;,&quot;time&quot;:&quot;12&quot;,&quot;time_pos&quot;:&quot;right&quot;,&quot;default_hour&quot;:&quot;00&quot;,&quot;default_min&quot;:&quot;00&quot;,&quot;default_sec&quot;:&quot;00&quot;}</options2>
		<minlength>0</minlength>
		<maxlength>255</maxlength>
		<size>27</size>
		<cols>0</cols>
		<rows>0</rows>
		<ordering>0</ordering>
		<sorting>0</sorting>
		<divider />
		<bool>0</bool>
		<location />
		<extended />
		<style />
		<script />
		<bool2>0</bool2>
		<bool3>0</bool3>
		<bool4>0</bool4>
		<bool5>0</bool5>
		<bool6>0</bool6>
		<bool7>0</bool7>
		<bool8>1</bool8>
		<css />
		<attributes />
		<storage>standard</storage>
		<storage_location>joomla_article</storage_location>
		<storage_table>#__cck_store_form_editais_e_licitacoes</storage_table>
		<storage_field>el_data_abertura</storage_field>
		<storage_field2 />
		<storage_params />
		<storages />
		<checked_out>0</checked_out>
		<checked_out_time>0000-00-00 00:00:00</checked_out_time>
	</field>
</cck>