<?xml version="1.0" encoding="utf-8"?>
<cck type="joomla_category" version="3.0" folder="content">
	<author>Octopoos</author>
	<authorEmail>contact@seblod.com</authorEmail>
	<authorUrl>http://www.seblod.com</authorUrl>
	<copyright>Copyright (C) 2013 SEBLOD. All Rights Reserved.</copyright>
	<license>GNU General Public License version 2 or later.</license>
	<description>SEBLOD 3.x - www.seblod.com</description>
	<joomla_category>
		<parent_id />
		<level />
		<lft />
		<rgt />
		<alias>portal-transparecia</alias>
		<id />
		<asset_id />
		<path>portal-transparecia</path>
		<extension>com_content</extension>
		<title>Portal Transparecia</title>
		<note />
		<description>::cck::1::/cck::&lt;br /&gt;::description::::/description::</description>
		<published>1</published>
		<checked_out>0</checked_out>
		<checked_out_time>0000-00-00 00:00:00</checked_out_time>
		<access>1</access>
		<params>{&quot;category_layout&quot;:&quot;&quot;,&quot;image&quot;:&quot;&quot;}</params>
		<metadesc />
		<metakey />
		<metadata>{&quot;author&quot;:&quot;&quot;,&quot;robots&quot;:&quot;&quot;}</metadata>
		<created_user_id>244</created_user_id>
		<created_time />
		<modified_user_id />
		<modified_time />
		<hits>0</hits>
		<language>*</language>
		<version>1</version>
	</joomla_category>
	<acl>{&quot;core.create&quot;:[],&quot;core.delete&quot;:[],&quot;core.edit&quot;:[],&quot;core.edit.state&quot;:[],&quot;core.edit.own&quot;:[]}</acl>
	<app>portal_transparecia</app>
</cck>