<?xml version="1.0" encoding="utf-8"?>
<cck type="searchs">
	<author>Octopoos</author>
	<authorEmail>contact@seblod.com</authorEmail>
	<authorUrl>http://www.seblod.com</authorUrl>
	<copyright>Copyright (C) 2013 SEBLOD. All Rights Reserved.</copyright>
	<license>GNU General Public License version 2 or later.</license>
	<description>SEBLOD 3.x - www.seblod.com</description>
	<search>
		<id />
		<title>Lista de Editais e Licitações</title>
		<name>lista_de_editais_e_licitaces</name>
		<alias />
		<folder>portal_transparecia</folder>
		<content>1</content>
		<template_search>seb_one - lista_de_editais_e_licitaces (search)</template_search>
		<template_filter>seb_one</template_filter>
		<template_list>seb_table - lista_de_editais_e_licitaces (list)</template_list>
		<template_item>seb_one</template_item>
		<description />
		<access>1</access>
		<published>1</published>
		<options>{&quot;limit&quot;:&quot;0&quot;,&quot;cache&quot;:&quot;0&quot;,&quot;stages_optional&quot;:&quot;&quot;,&quot;cache2&quot;:&quot;0&quot;,&quot;pagination&quot;:&quot;10&quot;,&quot;debug&quot;:&quot;&quot;,&quot;sef&quot;:&quot;&quot;,&quot;prepare_content&quot;:&quot;&quot;,&quot;auto_redirect&quot;:&quot;0&quot;,&quot;ordering&quot;:&quot;&quot;,&quot;show_list_title&quot;:&quot;1&quot;,&quot;tag_list_title&quot;:&quot;h2&quot;,&quot;class_list_title&quot;:&quot;&quot;,&quot;show_list_desc&quot;:&quot;1&quot;,&quot;show_form&quot;:&quot;1&quot;,&quot;show_items_number&quot;:&quot;0&quot;,&quot;label_items_number&quot;:&quot;Results&quot;,&quot;class_items_number&quot;:&quot;total&quot;,&quot;show_pages_number&quot;:&quot;1&quot;,&quot;show_pagination&quot;:&quot;0&quot;,&quot;class_pagination&quot;:&quot;pagination&quot;,&quot;message_style&quot;:&quot;message&quot;,&quot;action&quot;:&quot;0&quot;,&quot;message&quot;:&quot;Documento n\u00e3o encontrado!&quot;,&quot;show_list_desc_no_result&quot;:&quot;1&quot;}</options>
		<location />
		<sef_route />
		<storage_location />
		<version>34</version>
		<checked_out>0</checked_out>
		<checked_out_time>0000-00-00 00:00:00</checked_out_time>
	</search>
	<fields>
		<field1 client="list" ordering="1" label="" variation="" variation_override="" required="" required_alert="" validation="" validation_options="" link="" link_options="" live="" live_options="" live_value="" markup_class="" match_collection="" match_mode="" match_options="" match_value="" typo="" typo_label="0" typo_options="" stage="0" access="1" computation="" computation_options="" conditional="" conditional_options="" position="column-a">el_num_processo</field1>
		<field2 client="list" ordering="2" label="" variation="" variation_override="" required="" required_alert="" validation="" validation_options="" link="content" link_options="" live="" live_options="" live_value="" markup_class="" match_collection="" match_mode="" match_options="" match_value="" typo="" typo_label="0" typo_options="" stage="0" access="1" computation="" computation_options="" conditional="" conditional_options="" position="column-b">el_objeto</field2>
		<field3 client="list" ordering="3" label="" variation="" variation_override="" required="" required_alert="" validation="" validation_options="" link="cck_form" link_options="" live="" live_options="" live_value="" markup_class="" match_collection="" match_mode="" match_options="" match_value="" typo="html" typo_label="0" typo_options="{&quot;html&quot;:&quot;&lt;span class=\&quot;btn btn-success\&quot;&gt;&lt;i class=\&quot;icon-edit\&quot;&gt;&lt;/i&gt;&lt;/span&gt;&quot;}" stage="0" access="2" computation="" computation_options="" conditional="" conditional_options="" position="column-c">editar</field3>
		<field4 client="order" ordering="1" label="" variation="" variation_override="" required="" required_alert="" validation="" validation_options="" link="" link_options="" live="" live_options="" live_value="" markup_class="" match_collection="" match_mode="DESC" match_options="" match_value="" typo="" typo_label="0" typo_options="" stage="0" access="1" computation="" computation_options="" conditional="" conditional_options="" position="mainbody">art_id</field4>
		<field5 client="search" ordering="1" label="" variation="hidden" variation_override="" required="" required_alert="" validation="" validation_options="" link="" link_options="" live="" live_options="" live_value="editais_e_licitacoes" markup_class="" match_collection="" match_mode="" match_options="" match_value="" typo="" typo_label="0" typo_options="" stage="0" access="1" computation="" computation_options="" conditional="" conditional_options="" position="mainbody">cck</field5>
		<field6 client="search" ordering="2" label="Modalidade" variation="" variation_override="" required="" required_alert="" validation="" validation_options="" link="" link_options="" live="" live_options="" live_value="" markup_class="" match_collection="" match_mode="" match_options="" match_value="" typo="" typo_label="0" typo_options="" stage="0" access="1" computation="" computation_options="" conditional="" conditional_options="" position="mainbody">el_situacao</field6>
		<field7 client="search" ordering="3" label="" variation="" variation_override="" required="" required_alert="" validation="" validation_options="" link="" link_options="" live="" live_options="" live_value="" markup_class="" match_collection="" match_mode="" match_options="" match_value="" typo="" typo_label="0" typo_options="" stage="0" access="1" computation="" computation_options="" conditional="" conditional_options="" position="mainbody">el_objeto</field7>
		<field8 client="search" ordering="4" label="Pesquisar" variation="" variation_override="" required="" required_alert="" validation="" validation_options="" link="" link_options="" live="" live_options="" live_value="" markup_class="" match_collection="" match_mode="" match_options="" match_value="" typo="" typo_label="0" typo_options="" stage="0" access="1" computation="" computation_options="" conditional="" conditional_options="" position="mainbody">button_search</field8>
		<field9 client="search" ordering="5" label="" variation="" variation_override="" required="" required_alert="" validation="" validation_options="" link="" link_options="" live="" live_options="" live_value="" markup_class="" match_collection="" match_mode="" match_options="" match_value="" typo="" typo_label="0" typo_options="" stage="0" access="1" computation="" computation_options="" conditional="" conditional_options="" position="mainbody">el_tipo</field9>
		<field10 client="search" ordering="6" label="Situação" variation="" variation_override="" required="" required_alert="" validation="" validation_options="" link="" link_options="" live="" live_options="" live_value="" markup_class="" match_collection="" match_mode="" match_options="" match_value="" typo="" typo_label="0" typo_options="" stage="0" access="1" computation="" computation_options="" conditional="" conditional_options="" position="top-a">el_modalidade</field10>
		<field11 client="search" ordering="7" label="" variation="" variation_override="" required="" required_alert="" validation="" validation_options="" link="" link_options="" live="" live_options="" live_value="" markup_class="" match_collection="" match_mode="" match_options="" match_value="" typo="" typo_label="0" typo_options="" stage="0" access="1" computation="" computation_options="" conditional="" conditional_options="" position="top-b">el_num_processo</field11>
	</fields>
	<positions>
		<position1 client="list" legend="" variation="" variation_options="" width="" height="" css="">column-a</position1>
		<position2 client="list" legend="" variation="" variation_options="" width="" height="" css="">column-b</position2>
		<position3 client="list" legend="" variation="" variation_options="" width="" height="" css="">column-c</position3>
		<position4 client="list" legend="" variation="" variation_options="" width="" height="" css="">column-p</position4>
		<position5 client="order" legend="" variation="" variation_options="" width="" height="" css="">mainbody</position5>
		<position6 client="search" legend="" variation="" variation_options="" width="" height="" css="">clear</position6>
		<position7 client="search" legend="" variation="" variation_options="" width="" height="" css="">mainbody</position7>
		<position8 client="search" legend="" variation="" variation_options="" width="" height="" css="">top-a</position8>
		<position9 client="search" legend="" variation="" variation_options="" width="" height="" css="">top-b</position9>
	</positions>
</cck>