<?xml version="1.0" encoding="utf-8"?>
<extension version="3.0" type="plugin" group="joomgallery" method="upgrade">
  <name>JoomGallery - Integrate RokBox</name>
  <author>JoomGallery ProjectTeam</author>
  <creationDate>05.04.2013</creationDate>
  <copyright>Copyright (C) 2009 - 2013 Open Source Matters. All rights reserved.</copyright>
  <license>http://www.gnu.org/licenses/gpl-2.0.html GNU/GPL</license>
  <authorEmail>team@joomgallery.net</authorEmail>
  <authorUrl>www.joomgallery.net</authorUrl>
  <version>3.0</version>
  <description>Integrates RokBox in JoomGallery</description>
  <files>
    <filename plugin="joomrokbox">joomrokbox.php</filename>
  </files>
  <updateservers>
    <server type="collection" priority="1" name="JoomGallery Update Service">http://www.en.joomgallery.net/components/com_newversion/xml/extensions3.xml</server>
  </updateservers>
</extension>