<?xml version="1.0" encoding="utf-8"?>
<cck type="types">
	<author>Octopoos</author>
	<authorEmail>contact@seblod.com</authorEmail>
	<authorUrl>http://www.seblod.com</authorUrl>
	<copyright>Copyright (C) 2013 SEBLOD. All Rights Reserved.</copyright>
	<license>GNU General Public License version 2 or later.</license>
	<description>SEBLOD 3.x - www.seblod.com</description>
	<type>
		<id />
		<asset_id />
		<title>Editais e Licitações</title>
		<name>editais_e_licitacoes</name>
		<alias />
		<folder>portal_transparecia</folder>
		<template_admin>seb_one - editais_e_licitacoes (admin)</template_admin>
		<template_site>seb_one - editais_e_licitacoes (site)</template_site>
		<template_content>seb_one - editais_e_licitacoes (content)</template_content>
		<template_intro>seb_one - editais_e_licitacoes (intro)</template_intro>
		<description />
		<indexed>intro</indexed>
		<published>1</published>
		<options_admin>{&quot;message_style&quot;:&quot;message&quot;,&quot;message&quot;:&quot;&quot;,&quot;data_integrity_excluded&quot;:&quot;&quot;,&quot;message_style_no_access&quot;:&quot;error&quot;,&quot;action_no_access&quot;:&quot;redirection&quot;,&quot;message_no_access&quot;:&quot;&quot;,&quot;redirection_url_no_access&quot;:&quot;index.php?option=com_users&amp;view=login&quot;,&quot;stages&quot;:&quot;1&quot;,&quot;validation_position&quot;:&quot;&quot;,&quot;validation_scroll&quot;:&quot;&quot;,&quot;validation_color&quot;:&quot;&quot;,&quot;validation_background_color&quot;:&quot;&quot;}</options_admin>
		<options_site>{&quot;message_style&quot;:&quot;message&quot;,&quot;redirection&quot;:&quot;content&quot;,&quot;message&quot;:&quot;Opera\u00e7\u00e3o realizada com sucesso!&quot;,&quot;redirection_itemid&quot;:&quot;172&quot;,&quot;redirection_url&quot;:&quot;&quot;,&quot;data_integrity_excluded&quot;:&quot;&quot;,&quot;show_form_title&quot;:&quot;1&quot;,&quot;tag_form_title&quot;:&quot;h2&quot;,&quot;class_form_title&quot;:&quot;&quot;,&quot;show_form_desc&quot;:&quot;1&quot;,&quot;message_style_no_access&quot;:&quot;error&quot;,&quot;action_no_access&quot;:&quot;redirection&quot;,&quot;message_no_access&quot;:&quot;&quot;,&quot;redirection_url_no_access&quot;:&quot;index.php?option=com_users&amp;view=login&quot;,&quot;stages&quot;:&quot;1&quot;,&quot;validation_position&quot;:&quot;&quot;,&quot;validation_scroll&quot;:&quot;&quot;,&quot;validation_color&quot;:&quot;&quot;,&quot;validation_background_color&quot;:&quot;&quot;}</options_site>
		<options_content>{&quot;title&quot;:&quot;&quot;,&quot;typo&quot;:&quot;1&quot;,&quot;sef&quot;:&quot;&quot;}</options_content>
		<options_intro>{&quot;title&quot;:&quot;&quot;,&quot;typo&quot;:&quot;1&quot;,&quot;sef&quot;:&quot;&quot;}</options_intro>
		<location />
		<storage_location>joomla_article</storage_location>
		<version>73</version>
		<checked_out>244</checked_out>
		<checked_out_time>2014-03-24 12:50:41</checked_out_time>
	</type>
	<acl>{&quot;core.create&quot;:[],&quot;core.create.max.parent&quot;:{&quot;8&quot;:0},&quot;core.create.max.parent.author&quot;:{&quot;8&quot;:0},&quot;core.create.max.author&quot;:{&quot;8&quot;:0},&quot;core.delete&quot;:[],&quot;core.delete.own&quot;:[],&quot;core.edit&quot;:[],&quot;core.edit.own&quot;:[]}</acl>
	<fields>
		<field1 client="admin" ordering="1" label="" variation="" variation_override="" required="" required_alert="" validation="" validation_options="" link="" link_options="" live="" live_options="" live_value="" markup_class="" typo="" typo_label="0" typo_options="" stage="0" access="1" computation="" computation_options="" conditional="" conditional_options="" position="mainbody">art_state</field1>
		<field2 client="admin" ordering="2" label="Situação" variation="" variation_override="" required="" required_alert="" validation="" validation_options="" link="" link_options="" live="" live_options="" live_value="" markup_class="" typo="" typo_label="0" typo_options="" stage="0" access="1" computation="" computation_options="" conditional="" conditional_options="" position="mainbody">el_modalidade</field2>
		<field3 client="admin" ordering="3" label="" variation="" variation_override="" required="" required_alert="" validation="" validation_options="" link="" link_options="" live="" live_options="" live_value="" markup_class="" typo="" typo_label="0" typo_options="" stage="0" access="1" computation="" computation_options="" conditional="" conditional_options="" position="mainbody">el_num_processo</field3>
		<field4 client="admin" ordering="4" label="" variation="" variation_override="" required="required" required_alert="Campo Obrigatório!" validation="" validation_options="{&quot;alert&quot;:&quot;&quot;}" link="" link_options="" live="" live_options="" live_value="" markup_class="" typo="" typo_label="0" typo_options="" stage="0" access="1" computation="" computation_options="" conditional="" conditional_options="" position="mainbody">el_objeto</field4>
		<field5 client="admin" ordering="5" label="" variation="" variation_override="" required="" required_alert="" validation="" validation_options="" link="" link_options="" live="" live_options="" live_value="" markup_class="" typo="" typo_label="0" typo_options="" stage="0" access="1" computation="" computation_options="" conditional="" conditional_options="" position="mainbody">el_tipo</field5>
		<field6 client="admin" ordering="6" label="Modalidade" variation="" variation_override="" required="required" required_alert="Campo Obrigatório!" validation="" validation_options="{&quot;alert&quot;:&quot;&quot;}" link="" link_options="" live="" live_options="" live_value="" markup_class="" typo="" typo_label="0" typo_options="" stage="0" access="1" computation="" computation_options="" conditional="el_tipo" conditional_options="[{&quot;states&quot;:[{&quot;type&quot;:&quot;isVisible&quot;,&quot;selector&quot;:&quot;&quot;,&quot;revert&quot;:&quot;1&quot;,&quot;value&quot;:&quot;&quot;}],&quot;conditions&quot;:[{&quot;type&quot;:&quot;isEqual&quot;,&quot;trigger&quot;:&quot;el_tipo&quot;,&quot;value&quot;:&quot;1&quot;}],&quot;rule&quot;:&quot;and&quot;},{&quot;states&quot;:[{&quot;type&quot;:&quot;isHidden&quot;,&quot;selector&quot;:&quot;&quot;,&quot;revert&quot;:&quot;1&quot;,&quot;value&quot;:&quot;&quot;}],&quot;conditions&quot;:[{&quot;type&quot;:&quot;isEqual&quot;,&quot;trigger&quot;:&quot;el_tipo&quot;,&quot;value&quot;:&quot;2&quot;}],&quot;rule&quot;:&quot;and&quot;},{&quot;states&quot;:[{&quot;type&quot;:&quot;isEnabled&quot;,&quot;selector&quot;:&quot; #form#&quot;,&quot;revert&quot;:&quot;1&quot;,&quot;value&quot;:&quot;&quot;}],&quot;conditions&quot;:[{&quot;type&quot;:&quot;isEqual&quot;,&quot;trigger&quot;:&quot;el_tipo&quot;,&quot;value&quot;:&quot;1&quot;}],&quot;rule&quot;:&quot;and&quot;},{&quot;states&quot;:[{&quot;type&quot;:&quot;isDisabled&quot;,&quot;selector&quot;:&quot; #form#&quot;,&quot;revert&quot;:&quot;1&quot;,&quot;value&quot;:&quot;&quot;}],&quot;conditions&quot;:[{&quot;type&quot;:&quot;isEqual&quot;,&quot;trigger&quot;:&quot;el_tipo&quot;,&quot;value&quot;:&quot;2&quot;}],&quot;rule&quot;:&quot;and&quot;}]" position="mainbody">el_situacao</field6>
		<field7 client="admin" ordering="7" label="" variation="" variation_override="" required="required" required_alert="Campo obrigatório!" validation="" validation_options="{&quot;alert&quot;:&quot;&quot;}" link="" link_options="" live="" live_options="" live_value="" markup_class="" typo="" typo_label="0" typo_options="" stage="0" access="1" computation="" computation_options="" conditional="el_tipo" conditional_options="[{&quot;states&quot;:[{&quot;type&quot;:&quot;isVisible&quot;,&quot;selector&quot;:&quot;&quot;,&quot;revert&quot;:&quot;1&quot;,&quot;value&quot;:&quot;&quot;}],&quot;conditions&quot;:[{&quot;type&quot;:&quot;isEqual&quot;,&quot;trigger&quot;:&quot;el_tipo&quot;,&quot;value&quot;:&quot;2&quot;}],&quot;rule&quot;:&quot;and&quot;},{&quot;states&quot;:[{&quot;type&quot;:&quot;isHidden&quot;,&quot;selector&quot;:&quot;&quot;,&quot;revert&quot;:&quot;1&quot;,&quot;value&quot;:&quot;&quot;}],&quot;conditions&quot;:[{&quot;type&quot;:&quot;isEqual&quot;,&quot;trigger&quot;:&quot;el_tipo&quot;,&quot;value&quot;:&quot;1&quot;}],&quot;rule&quot;:&quot;and&quot;},{&quot;states&quot;:[{&quot;type&quot;:&quot;isEnabled&quot;,&quot;selector&quot;:&quot; #form#&quot;,&quot;revert&quot;:&quot;1&quot;,&quot;value&quot;:&quot;&quot;}],&quot;conditions&quot;:[{&quot;type&quot;:&quot;isEqual&quot;,&quot;trigger&quot;:&quot;el_tipo&quot;,&quot;value&quot;:&quot;2&quot;}],&quot;rule&quot;:&quot;and&quot;},{&quot;states&quot;:[{&quot;type&quot;:&quot;isDisabled&quot;,&quot;selector&quot;:&quot; #form#&quot;,&quot;revert&quot;:&quot;1&quot;,&quot;value&quot;:&quot;&quot;}],&quot;conditions&quot;:[{&quot;type&quot;:&quot;isEqual&quot;,&quot;trigger&quot;:&quot;el_tipo&quot;,&quot;value&quot;:&quot;1&quot;}],&quot;rule&quot;:&quot;and&quot;}]" position="mainbody">el_modalidade_2</field7>
		<field8 client="admin" ordering="8" label="" variation="" variation_override="" required="" required_alert="" validation="" validation_options="" link="" link_options="" live="" live_options="" live_value="" markup_class="" typo="" typo_label="0" typo_options="" stage="0" access="1" computation="" computation_options="" conditional="" conditional_options="" position="mainbody">el_num_modalidade</field8>
		<field9 client="admin" ordering="9" label="" variation="" variation_override="" required="required" required_alert="Campo Obrigatório!" validation="" validation_options="{&quot;alert&quot;:&quot;&quot;}" link="" link_options="" live="" live_options="" live_value="" markup_class="" typo="" typo_label="0" typo_options="" stage="0" access="1" computation="" computation_options="" conditional="" conditional_options="" position="mainbody">el_data_abertura</field9>
		<field10 client="admin" ordering="10" label="" variation="" variation_override="" required="" required_alert="" validation="" validation_options="{&quot;alert&quot;:&quot;&quot;}" link="" link_options="" live="" live_options="" live_value="" markup_class="" typo="" typo_label="0" typo_options="" stage="0" access="1" computation="" computation_options="" conditional="" conditional_options="" position="mainbody">el_grupo_arquivo</field10>
		<field11 client="admin" ordering="11" label="" variation="hidden" variation_override="" required="" required_alert="" validation="" validation_options="" link="" link_options="" live="" live_options="" live_value="" markup_class="" typo="" typo_label="0" typo_options="" stage="0" access="1" computation="" computation_options="" conditional="" conditional_options="" position="mainbody">el_arquivo</field11>
		<field12 client="admin" ordering="12" label="" variation="hidden" variation_override="" required="" required_alert="" validation="" validation_options="" link="" link_options="" live="" live_options="" live_value="" markup_class="" typo="" typo_label="0" typo_options="" stage="0" access="1" computation="" computation_options="" conditional="" conditional_options="" position="mainbody">el_alias</field12>
		<field13 client="admin" ordering="13" label="Data de Modificação" variation="hidden" variation_override="" required="" required_alert="" validation="" validation_options="" link="" link_options="" live="" live_options="" live_value="" markup_class="" typo="" typo_label="0" typo_options="" stage="0" access="1" computation="" computation_options="" conditional="" conditional_options="" position="mainbody">art_modified</field13>
		<field14 client="admin" ordering="14" label="" variation="hidden" variation_override="" required="" required_alert="" validation="" validation_options="" link="" link_options="" live="" live_options="" live_value="" markup_class="" typo="" typo_label="0" typo_options="" stage="0" access="1" computation="" computation_options="" conditional="" conditional_options="" position="mainbody">editar</field14>
		<field15 client="admin" ordering="15" label="" variation="hidden" variation_override="" required="" required_alert="" validation="" validation_options="" link="" link_options="" live="" live_options="" live_value="0" markup_class="" typo="" typo_label="0" typo_options="" stage="0" access="1" computation="" computation_options="" conditional="" conditional_options="" position="mainbody">art_show_title</field15>
		<field16 client="admin" ordering="16" label="" variation="hidden" variation_override="" required="" required_alert="" validation="" validation_options="" link="" link_options="" live="" live_options="" live_value="0" markup_class="" typo="" typo_label="0" typo_options="" stage="0" access="1" computation="" computation_options="" conditional="" conditional_options="" position="mainbody">art_show_category</field16>
		<field17 client="admin" ordering="17" label="" variation="hidden" variation_override="" required="" required_alert="" validation="" validation_options="" link="" link_options="" live="" live_options="" live_value="1" markup_class="" typo="" typo_label="0" typo_options="" stage="0" access="1" computation="" computation_options="" conditional="" conditional_options="" position="mainbody">art_show_modify_date</field17>
		<field18 client="admin" ordering="18" label="" variation="hidden" variation_override="" required="" required_alert="" validation="" validation_options="" link="" link_options="" live="" live_options="" live_value="0" markup_class="" typo="" typo_label="0" typo_options="" stage="0" access="1" computation="" computation_options="" conditional="" conditional_options="" position="mainbody">art_show_item_navigation</field18>
		<field19 client="content" ordering="1" label="" variation="" variation_override="" required="" required_alert="" validation="" validation_options="" link="" link_options="" live="" live_options="" live_value="" markup_class="" typo="" typo_label="0" typo_options="" stage="0" access="1" computation="" computation_options="" conditional="" conditional_options="" position="mainbody">el_arquivo</field19>
		<field20 client="content" ordering="2" label="" variation="" variation_override="" required="" required_alert="" validation="" validation_options="" link="" link_options="" live="" live_options="" live_value="" markup_class="" typo="" typo_label="0" typo_options="" stage="0" access="1" computation="" computation_options="" conditional="" conditional_options="" position="mainbody">el_data_abertura</field20>
		<field21 client="content" ordering="3" label="" variation="" variation_override="" required="" required_alert="" validation="" validation_options="" link="" link_options="" live="" live_options="" live_value="" markup_class="" typo="" typo_label="0" typo_options="" stage="0" access="1" computation="" computation_options="" conditional="" conditional_options="" position="mainbody">el_grupo_arquivo</field21>
		<field22 client="content" ordering="4" label="" variation="" variation_override="" required="" required_alert="" validation="" validation_options="" link="" link_options="" live="" live_options="" live_value="" markup_class="" typo="" typo_label="0" typo_options="" stage="0" access="1" computation="" computation_options="" conditional="" conditional_options="" position="mainbody">el_modalidade</field22>
		<field23 client="content" ordering="5" label="" variation="" variation_override="" required="" required_alert="" validation="" validation_options="" link="" link_options="" live="" live_options="" live_value="" markup_class="" typo="" typo_label="0" typo_options="" stage="0" access="1" computation="" computation_options="" conditional="" conditional_options="" position="mainbody">el_num_modalidade</field23>
		<field24 client="content" ordering="6" label="" variation="" variation_override="" required="" required_alert="" validation="" validation_options="" link="" link_options="" live="" live_options="" live_value="" markup_class="" typo="" typo_label="0" typo_options="" stage="0" access="1" computation="" computation_options="" conditional="" conditional_options="" position="mainbody">el_num_processo</field24>
		<field25 client="content" ordering="7" label="" variation="" variation_override="" required="" required_alert="" validation="" validation_options="" link="" link_options="" live="" live_options="" live_value="" markup_class="" typo="" typo_label="0" typo_options="" stage="0" access="1" computation="" computation_options="" conditional="" conditional_options="" position="mainbody">el_objeto</field25>
		<field26 client="content" ordering="8" label="" variation="" variation_override="" required="" required_alert="" validation="" validation_options="" link="" link_options="" live="" live_options="" live_value="" markup_class="" typo="" typo_label="0" typo_options="" stage="0" access="1" computation="" computation_options="" conditional="" conditional_options="" position="mainbody">el_situacao</field26>
		<field27 client="content" ordering="9" label="" variation="" variation_override="" required="" required_alert="" validation="" validation_options="" link="" link_options="" live="" live_options="" live_value="" markup_class="" typo="" typo_label="0" typo_options="" stage="0" access="1" computation="" computation_options="" conditional="" conditional_options="" position="mainbody">el_tipo_documento</field27>
		<field28 client="content" ordering="10" label="" variation="" variation_override="" required="" required_alert="" validation="" validation_options="" link="" link_options="" live="" live_options="" live_value="" markup_class="" typo="" typo_label="0" typo_options="" stage="0" access="1" computation="" computation_options="" conditional="" conditional_options="" position="mainbody">el_modalidade_2</field28>
		<field29 client="content" ordering="11" label="" variation="" variation_override="" required="" required_alert="" validation="" validation_options="" link="" link_options="" live="" live_options="" live_value="" markup_class="" typo="" typo_label="0" typo_options="" stage="0" access="1" computation="" computation_options="" conditional="" conditional_options="" position="mainbody">el_tipo</field29>
		<field30 client="site" ordering="1" label="Ação" variation="" variation_override="" required="" required_alert="" validation="" validation_options="" link="" link_options="" live="" live_options="" live_value="" markup_class="" typo="" typo_label="0" typo_options="" stage="0" access="1" computation="" computation_options="" conditional="" conditional_options="" position="mainbody">art_state</field30>
		<field31 client="site" ordering="2" label="Situação" variation="" variation_override="" required="required" required_alert="Campo obrigatório!" validation="" validation_options="{&quot;alert&quot;:&quot;&quot;}" link="" link_options="" live="" live_options="" live_value="" markup_class="" typo="" typo_label="0" typo_options="" stage="0" access="1" computation="" computation_options="" conditional="" conditional_options="" position="mainbody">el_modalidade</field31>
		<field32 client="site" ordering="3" label="" variation="" variation_override="" required="" required_alert="" validation="" validation_options="" link="" link_options="" live="" live_options="" live_value="" markup_class="" typo="" typo_label="0" typo_options="" stage="0" access="1" computation="" computation_options="" conditional="" conditional_options="" position="mainbody">el_num_processo</field32>
		<field33 client="site" ordering="4" label="" variation="" variation_override="" required="" required_alert="Campo Obrigatório!" validation="" validation_options="{&quot;alert&quot;:&quot;&quot;}" link="" link_options="" live="" live_options="" live_value="" markup_class="" typo="" typo_label="0" typo_options="" stage="0" access="1" computation="" computation_options="" conditional="" conditional_options="" position="mainbody">el_objeto</field33>
		<field34 client="site" ordering="5" label="" variation="" variation_override="" required="" required_alert="" validation="" validation_options="" link="" link_options="" live="" live_options="" live_value="" markup_class="" typo="" typo_label="0" typo_options="" stage="0" access="1" computation="" computation_options="" conditional="" conditional_options="" position="mainbody">el_tipo</field34>
		<field35 client="site" ordering="6" label="Modalidade" variation="" variation_override="" required="required" required_alert="Campo Obrigatório!" validation="" validation_options="{&quot;alert&quot;:&quot;&quot;}" link="" link_options="" live="" live_options="" live_value="" markup_class="" typo="" typo_label="0" typo_options="" stage="0" access="1" computation="" computation_options="" conditional="el_tipo" conditional_options="[{&quot;states&quot;:[{&quot;type&quot;:&quot;isVisible&quot;,&quot;selector&quot;:&quot;&quot;,&quot;revert&quot;:&quot;1&quot;,&quot;value&quot;:&quot;&quot;}],&quot;conditions&quot;:[{&quot;type&quot;:&quot;isEqual&quot;,&quot;trigger&quot;:&quot;el_tipo&quot;,&quot;value&quot;:&quot;1&quot;}],&quot;rule&quot;:&quot;and&quot;},{&quot;states&quot;:[{&quot;type&quot;:&quot;isHidden&quot;,&quot;selector&quot;:&quot;&quot;,&quot;revert&quot;:&quot;1&quot;,&quot;value&quot;:&quot;&quot;}],&quot;conditions&quot;:[{&quot;type&quot;:&quot;isEqual&quot;,&quot;trigger&quot;:&quot;el_tipo&quot;,&quot;value&quot;:&quot;2&quot;}],&quot;rule&quot;:&quot;and&quot;},{&quot;states&quot;:[{&quot;type&quot;:&quot;isEnabled&quot;,&quot;selector&quot;:&quot; #form#&quot;,&quot;revert&quot;:&quot;1&quot;,&quot;value&quot;:&quot;&quot;}],&quot;conditions&quot;:[{&quot;type&quot;:&quot;isEqual&quot;,&quot;trigger&quot;:&quot;el_tipo&quot;,&quot;value&quot;:&quot;1&quot;}],&quot;rule&quot;:&quot;and&quot;},{&quot;states&quot;:[{&quot;type&quot;:&quot;isDisabled&quot;,&quot;selector&quot;:&quot; #form#&quot;,&quot;revert&quot;:&quot;1&quot;,&quot;value&quot;:&quot;&quot;}],&quot;conditions&quot;:[{&quot;type&quot;:&quot;isEqual&quot;,&quot;trigger&quot;:&quot;el_tipo&quot;,&quot;value&quot;:&quot;2&quot;}],&quot;rule&quot;:&quot;and&quot;}]" position="mainbody">el_situacao</field35>
		<field36 client="site" ordering="7" label="" variation="" variation_override="" required="required" required_alert="Campo obrigatório!" validation="" validation_options="{&quot;alert&quot;:&quot;&quot;}" link="" link_options="" live="" live_options="" live_value="" markup_class="" typo="" typo_label="0" typo_options="" stage="0" access="1" computation="" computation_options="" conditional="el_tipo" conditional_options="[{&quot;states&quot;:[{&quot;type&quot;:&quot;isVisible&quot;,&quot;selector&quot;:&quot;&quot;,&quot;revert&quot;:&quot;1&quot;,&quot;value&quot;:&quot;&quot;}],&quot;conditions&quot;:[{&quot;type&quot;:&quot;isEqual&quot;,&quot;trigger&quot;:&quot;el_tipo&quot;,&quot;value&quot;:&quot;2&quot;}],&quot;rule&quot;:&quot;and&quot;},{&quot;states&quot;:[{&quot;type&quot;:&quot;isHidden&quot;,&quot;selector&quot;:&quot;&quot;,&quot;revert&quot;:&quot;1&quot;,&quot;value&quot;:&quot;&quot;}],&quot;conditions&quot;:[{&quot;type&quot;:&quot;isEqual&quot;,&quot;trigger&quot;:&quot;el_tipo&quot;,&quot;value&quot;:&quot;1&quot;}],&quot;rule&quot;:&quot;and&quot;},{&quot;states&quot;:[{&quot;type&quot;:&quot;isEnabled&quot;,&quot;selector&quot;:&quot; #form#&quot;,&quot;revert&quot;:&quot;1&quot;,&quot;value&quot;:&quot;&quot;}],&quot;conditions&quot;:[{&quot;type&quot;:&quot;isEqual&quot;,&quot;trigger&quot;:&quot;el_tipo&quot;,&quot;value&quot;:&quot;2&quot;}],&quot;rule&quot;:&quot;and&quot;},{&quot;states&quot;:[{&quot;type&quot;:&quot;isDisabled&quot;,&quot;selector&quot;:&quot; #form#&quot;,&quot;revert&quot;:&quot;1&quot;,&quot;value&quot;:&quot;&quot;}],&quot;conditions&quot;:[{&quot;type&quot;:&quot;isEqual&quot;,&quot;trigger&quot;:&quot;el_tipo&quot;,&quot;value&quot;:&quot;1&quot;}],&quot;rule&quot;:&quot;and&quot;}]" position="mainbody">el_modalidade_2</field36>
		<field37 client="site" ordering="8" label="" variation="" variation_override="" required="" required_alert="" validation="" validation_options="" link="" link_options="" live="" live_options="" live_value="" markup_class="" typo="" typo_label="0" typo_options="" stage="0" access="1" computation="" computation_options="" conditional="" conditional_options="" position="mainbody">el_num_modalidade</field37>
		<field38 client="site" ordering="9" label="" variation="" variation_override="" required="required" required_alert="Campo Obrigatório!" validation="" validation_options="{&quot;alert&quot;:&quot;&quot;}" link="" link_options="" live="" live_options="" live_value="" markup_class="" typo="" typo_label="0" typo_options="" stage="0" access="1" computation="" computation_options="" conditional="" conditional_options="" position="mainbody">el_data_abertura</field38>
		<field39 client="site" ordering="10" label="" variation="" variation_override="" required="" required_alert="Campo Obrigatório" validation="" validation_options="{&quot;alert&quot;:&quot;&quot;}" link="" link_options="" live="" live_options="" live_value="" markup_class="" typo="" typo_label="0" typo_options="" stage="0" access="1" computation="" computation_options="" conditional="" conditional_options="" position="mainbody">el_grupo_arquivo</field39>
		<field40 client="site" ordering="11" label="" variation="hidden" variation_override="" required="" required_alert="" validation="" validation_options="" link="" link_options="" live="" live_options="" live_value="" markup_class="" typo="" typo_label="0" typo_options="" stage="0" access="1" computation="" computation_options="" conditional="" conditional_options="" position="mainbody">el_arquivo</field40>
		<field41 client="site" ordering="12" label="" variation="hidden" variation_override="" required="" required_alert="" validation="" validation_options="" link="" link_options="" live="" live_options="" live_value="" markup_class="" typo="" typo_label="0" typo_options="" stage="0" access="1" computation="" computation_options="" conditional="" conditional_options="" position="mainbody">el_alias</field41>
		<field42 client="site" ordering="13" label="" variation="hidden" variation_override="" required="" required_alert="" validation="" validation_options="" link="" link_options="" live="" live_options="" live_value="" markup_class="" typo="" typo_label="0" typo_options="" stage="0" access="1" computation="" computation_options="" conditional="" conditional_options="" position="mainbody">art_modified</field42>
		<field43 client="site" ordering="14" label="Salvar" variation="" variation_override="" required="" required_alert="" validation="" validation_options="" link="" link_options="" live="" live_options="" live_value="" markup_class="" typo="" typo_label="0" typo_options="" stage="0" access="1" computation="" computation_options="" conditional="" conditional_options="" position="mainbody">button_submit</field43>
		<field44 client="site" ordering="15" label="" variation="hidden" variation_override="" required="" required_alert="" validation="" validation_options="" link="" link_options="" live="" live_options="" live_value="0" markup_class="" typo="" typo_label="0" typo_options="" stage="0" access="1" computation="" computation_options="" conditional="" conditional_options="" position="mainbody">art_show_title</field44>
		<field45 client="site" ordering="16" label="" variation="hidden" variation_override="" required="" required_alert="" validation="" validation_options="" link="" link_options="" live="" live_options="" live_value="0" markup_class="" typo="" typo_label="0" typo_options="" stage="0" access="1" computation="" computation_options="" conditional="" conditional_options="" position="mainbody">art_show_category</field45>
		<field46 client="site" ordering="17" label="" variation="hidden" variation_override="" required="" required_alert="" validation="" validation_options="" link="" link_options="" live="" live_options="" live_value="1" markup_class="" typo="" typo_label="0" typo_options="" stage="0" access="1" computation="" computation_options="" conditional="" conditional_options="" position="mainbody">art_show_modify_date</field46>
		<field47 client="site" ordering="18" label="" variation="hidden" variation_override="" required="" required_alert="" validation="" validation_options="" link="" link_options="" live="" live_options="" live_value="0" markup_class="" typo="" typo_label="0" typo_options="" stage="0" access="1" computation="" computation_options="" conditional="" conditional_options="" position="mainbody">art_show_item_navigation</field47>
		<field48 client="site" ordering="19" label="" variation="hidden" variation_override="" required="" required_alert="" validation="" validation_options="" link="" link_options="" live="" live_options="" live_value="" markup_class="" typo="" typo_label="0" typo_options="" stage="0" access="1" computation="" computation_options="" conditional="" conditional_options="" position="mainbody">editar</field48>
	</fields>
	<positions>
		<position1 client="admin" legend="" variation="" variation_options="" width="" height="" css="">clear</position1>
		<position2 client="admin" legend="" variation="" variation_options="" width="" height="" css="">mainbody</position2>
		<position3 client="content" legend="" variation="" variation_options="" width="" height="" css="">clear</position3>
		<position4 client="content" legend="" variation="" variation_options="" width="" height="" css="">mainbody</position4>
		<position5 client="intro" legend="" variation="" variation_options="" width="" height="" css="">clear</position5>
		<position6 client="site" legend="" variation="" variation_options="" width="" height="" css="">clear</position6>
		<position7 client="site" legend="" variation="" variation_options="" width="" height="" css="">mainbody</position7>
	</positions>
</cck>