<?xml version="1.0" encoding="utf-8"?>
<cck type="types">
	<author>Octopoos</author>
	<authorEmail>contact@seblod.com</authorEmail>
	<authorUrl>http://www.seblod.com</authorUrl>
	<copyright>Copyright (C) 2013 SEBLOD. All Rights Reserved.</copyright>
	<license>GNU General Public License version 2 or later.</license>
	<description>SEBLOD 3.x - www.seblod.com</description>
	<type>
		<id />
		<asset_id />
		<title>Folha de Pagamento</title>
		<name>folha_de_pagamento</name>
		<alias />
		<folder>portal_transparecia</folder>
		<template_admin>seb_one - folha_de_pagamento (admin)</template_admin>
		<template_site>seb_one - folha_de_pagamento (site)</template_site>
		<template_content>seb_one - folha_de_pagamento (content)</template_content>
		<template_intro>seb_one - folha_de_pagamento (intro)</template_intro>
		<description />
		<indexed>intro</indexed>
		<published>1</published>
		<options_admin>{&quot;message_style&quot;:&quot;message&quot;,&quot;message&quot;:&quot;&quot;,&quot;data_integrity_excluded&quot;:&quot;&quot;,&quot;message_style_no_access&quot;:&quot;error&quot;,&quot;action_no_access&quot;:&quot;redirection&quot;,&quot;message_no_access&quot;:&quot;&quot;,&quot;redirection_url_no_access&quot;:&quot;index.php?option=com_users&amp;view=login&quot;,&quot;stages&quot;:&quot;1&quot;,&quot;validation_position&quot;:&quot;&quot;,&quot;validation_scroll&quot;:&quot;&quot;,&quot;validation_color&quot;:&quot;&quot;,&quot;validation_background_color&quot;:&quot;&quot;}</options_admin>
		<options_site>{&quot;message_style&quot;:&quot;message&quot;,&quot;redirection&quot;:&quot;current_full&quot;,&quot;message&quot;:&quot;Folha de Pagamento cadastrada com sucesso!&quot;,&quot;redirection_itemid&quot;:&quot;&quot;,&quot;redirection_url&quot;:&quot;&quot;,&quot;data_integrity_excluded&quot;:&quot;&quot;,&quot;show_form_title&quot;:&quot;1&quot;,&quot;tag_form_title&quot;:&quot;h2&quot;,&quot;class_form_title&quot;:&quot;&quot;,&quot;show_form_desc&quot;:&quot;1&quot;,&quot;message_style_no_access&quot;:&quot;error&quot;,&quot;action_no_access&quot;:&quot;redirection&quot;,&quot;message_no_access&quot;:&quot;N\u00e3o foi poss\u00edvel efetuar o cadastro! Tente novamente.&quot;,&quot;redirection_url_no_access&quot;:&quot;index.php?option=com_users&amp;view=login&quot;,&quot;stages&quot;:&quot;1&quot;,&quot;validation_position&quot;:&quot;&quot;,&quot;validation_scroll&quot;:&quot;&quot;,&quot;validation_color&quot;:&quot;&quot;,&quot;validation_background_color&quot;:&quot;&quot;}</options_site>
		<options_content>{&quot;title&quot;:&quot;&quot;,&quot;typo&quot;:&quot;1&quot;,&quot;sef&quot;:&quot;&quot;}</options_content>
		<options_intro>{&quot;title&quot;:&quot;&quot;,&quot;typo&quot;:&quot;1&quot;,&quot;sef&quot;:&quot;&quot;}</options_intro>
		<location />
		<storage_location>joomla_article</storage_location>
		<version>74</version>
		<checked_out>0</checked_out>
		<checked_out_time>0000-00-00 00:00:00</checked_out_time>
	</type>
	<acl>{&quot;core.create&quot;:[],&quot;core.create.max.parent&quot;:{&quot;8&quot;:0},&quot;core.create.max.parent.author&quot;:{&quot;8&quot;:0},&quot;core.create.max.author&quot;:{&quot;8&quot;:0},&quot;core.delete&quot;:[],&quot;core.delete.own&quot;:[],&quot;core.edit&quot;:[],&quot;core.edit.own&quot;:[]}</acl>
	<fields>
		<field1 client="admin" ordering="1" label="Ação" variation="" variation_override="" required="" required_alert="" validation="" validation_options="" link="" link_options="" live="" live_options="" live_value="" markup_class="" typo="" typo_label="0" typo_options="" stage="0" access="1" computation="" computation_options="" conditional="" conditional_options="" position="mainbody">art_state</field1>
		<field2 client="admin" ordering="2" label="" variation="" variation_override="" required="required" required_alert="Campo Obrigatório!" validation="" validation_options="{&quot;alert&quot;:&quot;&quot;}" link="" link_options="" live="" live_options="" live_value="today" markup_class="" typo="" typo_label="0" typo_options="" stage="0" access="1" computation="" computation_options="" conditional="" conditional_options="" position="mainbody">fp_referencia</field2>
		<field3 client="admin" ordering="3" label="" variation="" variation_override="" required="" required_alert="" validation="" validation_options="" link="" link_options="" live="" live_options="" live_value="" markup_class="" typo="" typo_label="0" typo_options="" stage="0" access="1" computation="" computation_options="" conditional="" conditional_options="" position="mainbody">fp_valor_total</field3>
		<field4 client="admin" ordering="4" label="" variation="" variation_override="" required="required" required_alert="Campo Obrigatório!" validation="" validation_options="{&quot;alert&quot;:&quot;&quot;}" link="" link_options="" live="" live_options="" live_value="" markup_class="" typo="" typo_label="0" typo_options="" stage="0" access="1" computation="" computation_options="" conditional="" conditional_options="" position="mainbody">fp_planilha</field4>
		<field5 client="admin" ordering="5" label="" variation="" variation_override="" required="required" required_alert="Campo Obrigatório!" validation="" validation_options="{&quot;alert&quot;:&quot;&quot;}" link="" link_options="" live="" live_options="" live_value="" markup_class="" typo="" typo_label="0" typo_options="" stage="0" access="1" computation="" computation_options="" conditional="" conditional_options="" position="mainbody">fp_planilha2</field5>
		<field6 client="admin" ordering="6" label="Data de Modificação" variation="hidden" variation_override="" required="" required_alert="" validation="" validation_options="" link="" link_options="" live="" live_options="" live_value="" markup_class="" typo="" typo_label="0" typo_options="" stage="0" access="1" computation="" computation_options="" conditional="" conditional_options="" position="mainbody">art_modified</field6>
		<field7 client="admin" ordering="7" label="" variation="hidden" variation_override="" required="" required_alert="" validation="" validation_options="" link="" link_options="" live="" live_options="" live_value="" markup_class="" typo="" typo_label="0" typo_options="" stage="0" access="1" computation="" computation_options="" conditional="" conditional_options="" position="mainbody">fp_categoria</field7>
		<field8 client="admin" ordering="8" label="" variation="hidden" variation_override="" required="" required_alert="" validation="" validation_options="" link="" link_options="" live="" live_options="" live_value="" markup_class="" typo="" typo_label="0" typo_options="" stage="0" access="1" computation="" computation_options="" conditional="" conditional_options="" position="mainbody">fp_id_titulo</field8>
		<field9 client="admin" ordering="9" label="" variation="hidden" variation_override="" required="" required_alert="" validation="" validation_options="" link="" link_options="" live="" live_options="" live_value="" markup_class="" typo="" typo_label="0" typo_options="" stage="0" access="1" computation="" computation_options="" conditional="" conditional_options="" position="mainbody">editar</field9>
		<field10 client="content" ordering="1" label="" variation="" variation_override="" required="" required_alert="" validation="" validation_options="" link="" link_options="" live="" live_options="" live_value="" markup_class="" typo="" typo_label="0" typo_options="" stage="0" access="1" computation="" computation_options="" conditional="" conditional_options="" position="mainbody">fp_id_titulo</field10>
		<field11 client="content" ordering="2" label="" variation="" variation_override="" required="" required_alert="" validation="" validation_options="" link="" link_options="" live="" live_options="" live_value="" markup_class="" typo="" typo_label="0" typo_options="" stage="0" access="1" computation="" computation_options="" conditional="" conditional_options="" position="mainbody">fp_valor_total</field11>
		<field12 client="content" ordering="3" label="" variation="" variation_override="" required="" required_alert="" validation="" validation_options="" link="" link_options="" live="" live_options="" live_value="" markup_class="" typo="" typo_label="0" typo_options="" stage="0" access="1" computation="" computation_options="" conditional="" conditional_options="" position="mainbody">fp_planilha</field12>
		<field13 client="content" ordering="4" label="" variation="" variation_override="" required="" required_alert="" validation="" validation_options="" link="" link_options="" live="" live_options="" live_value="" markup_class="" typo="" typo_label="0" typo_options="" stage="0" access="1" computation="" computation_options="" conditional="" conditional_options="" position="mainbody">fp_planilha2</field13>
		<field14 client="content" ordering="5" label="" variation="" variation_override="" required="" required_alert="" validation="" validation_options="" link="" link_options="" live="" live_options="" live_value="" markup_class="" typo="" typo_label="0" typo_options="" stage="0" access="1" computation="" computation_options="" conditional="" conditional_options="" position="mainbody">fp_referencia</field14>
		<field15 client="site" ordering="1" label="Ação" variation="" variation_override="" required="" required_alert="" validation="" validation_options="" link="" link_options="" live="" live_options="" live_value="" markup_class="" typo="" typo_label="0" typo_options="" stage="0" access="1" computation="" computation_options="" conditional="" conditional_options="" position="mainbody">art_state</field15>
		<field16 client="site" ordering="2" label="" variation="" variation_override="" required="required" required_alert="Campo Obrigatório!" validation="" validation_options="{&quot;alert&quot;:&quot;&quot;}" link="" link_options="" live="" live_options="" live_value="" markup_class="" typo="" typo_label="0" typo_options="" stage="0" access="1" computation="" computation_options="" conditional="" conditional_options="" position="mainbody">fp_referencia</field16>
		<field17 client="site" ordering="3" label="" variation="" variation_override="" required="" required_alert="" validation="" validation_options="" link="" link_options="" live="" live_options="" live_value="" markup_class="" typo="" typo_label="0" typo_options="" stage="0" access="1" computation="" computation_options="" conditional="" conditional_options="" position="mainbody">fp_valor_total</field17>
		<field18 client="site" ordering="4" label="Data de Modificação" variation="hidden" variation_override="" required="" required_alert="" validation="" validation_options="" link="" link_options="" live="" live_options="" live_value="" markup_class="" typo="" typo_label="0" typo_options="" stage="0" access="1" computation="" computation_options="" conditional="" conditional_options="" position="mainbody">art_modified</field18>
		<field19 client="site" ordering="5" label="" variation="" variation_override="" required="required" required_alert="Campo Obrigatório!" validation="" validation_options="{&quot;alert&quot;:&quot;&quot;}" link="" link_options="" live="" live_options="" live_value="" markup_class="" typo="" typo_label="0" typo_options="" stage="0" access="1" computation="" computation_options="" conditional="" conditional_options="" position="mainbody">fp_planilha</field19>
		<field20 client="site" ordering="6" label="" variation="" variation_override="" required="required" required_alert="Campo Obrigatório!" validation="" validation_options="{&quot;alert&quot;:&quot;&quot;}" link="" link_options="" live="" live_options="" live_value="" markup_class="" typo="" typo_label="0" typo_options="" stage="0" access="1" computation="" computation_options="" conditional="" conditional_options="" position="mainbody">fp_planilha2</field20>
		<field21 client="site" ordering="7" label="Salvar" variation="" variation_override="" required="" required_alert="" validation="" validation_options="" link="" link_options="" live="" live_options="" live_value="" markup_class="" typo="" typo_label="0" typo_options="" stage="0" access="1" computation="" computation_options="" conditional="" conditional_options="" position="mainbody">button_submit</field21>
		<field22 client="site" ordering="8" label="" variation="hidden" variation_override="" required="" required_alert="" validation="" validation_options="" link="" link_options="" live="" live_options="" live_value="" markup_class="" typo="" typo_label="0" typo_options="" stage="0" access="1" computation="" computation_options="" conditional="" conditional_options="" position="mainbody">fp_id_titulo</field22>
		<field23 client="site" ordering="9" label="" variation="hidden" variation_override="" required="" required_alert="" validation="" validation_options="" link="" link_options="" live="" live_options="" live_value="" markup_class="" typo="" typo_label="0" typo_options="" stage="0" access="1" computation="" computation_options="" conditional="" conditional_options="" position="mainbody">fp_categoria</field23>
		<field24 client="site" ordering="10" label="" variation="hidden" variation_override="" required="" required_alert="" validation="" validation_options="" link="" link_options="" live="" live_options="" live_value="" markup_class="" typo="" typo_label="0" typo_options="" stage="0" access="1" computation="" computation_options="" conditional="" conditional_options="" position="mainbody">editar</field24>
	</fields>
	<positions>
		<position1 client="admin" legend="" variation="" variation_options="" width="" height="" css="">clear</position1>
		<position2 client="admin" legend="" variation="" variation_options="" width="" height="" css="">mainbody</position2>
		<position3 client="content" legend="" variation="" variation_options="" width="" height="" css="">clear</position3>
		<position4 client="content" legend="" variation="" variation_options="" width="" height="" css="">mainbody</position4>
		<position5 client="intro" legend="" variation="" variation_options="" width="" height="" css="">clear</position5>
		<position6 client="site" legend="" variation="" variation_options="" width="" height="" css="">clear</position6>
		<position7 client="site" legend="" variation="" variation_options="" width="" height="" css="">mainbody</position7>
	</positions>
</cck>