<?xml version="1.0" encoding="utf-8"?>
<cck type="types">
	<author>Octopoos</author>
	<authorEmail>contact@seblod.com</authorEmail>
	<authorUrl>http://www.seblod.com</authorUrl>
	<copyright>Copyright (C) 2013 SEBLOD. All Rights Reserved.</copyright>
	<license>GNU General Public License version 2 or later.</license>
	<description>SEBLOD 3.x - www.seblod.com</description>
	<type>
		<id />
		<asset_id />
		<title>Serviço de Informação ao Cidadão (SIC)</title>
		<name>sic</name>
		<alias />
		<folder>portal_transparecia</folder>
		<template_admin>seb_one - sic (admin)</template_admin>
		<template_site>seb_one - sic (site)</template_site>
		<template_content>seb_one</template_content>
		<template_intro>seb_one - sic (intro)</template_intro>
		<description />
		<indexed>intro</indexed>
		<published>1</published>
		<options_admin>{&quot;message_style&quot;:&quot;message&quot;,&quot;message&quot;:&quot;&quot;,&quot;data_integrity_excluded&quot;:&quot;&quot;,&quot;message_style_no_access&quot;:&quot;error&quot;,&quot;action_no_access&quot;:&quot;redirection&quot;,&quot;message_no_access&quot;:&quot;&quot;,&quot;redirection_url_no_access&quot;:&quot;index.php?option=com_users&amp;view=login&quot;,&quot;stages&quot;:&quot;1&quot;,&quot;validation_position&quot;:&quot;&quot;,&quot;validation_scroll&quot;:&quot;&quot;,&quot;validation_color&quot;:&quot;&quot;,&quot;validation_background_color&quot;:&quot;&quot;}</options_admin>
		<options_site>{&quot;message_style&quot;:&quot;message&quot;,&quot;redirection&quot;:&quot;current&quot;,&quot;message&quot;:&quot;Solicita\u00e7\u00e3o enviada com Sucesso!\r\nEssa solicita\u00e7\u00e3o possui um protocolo que foi enviado ao seu e-mail.&quot;,&quot;redirection_itemid&quot;:&quot;&quot;,&quot;redirection_url&quot;:&quot;&quot;,&quot;data_integrity_excluded&quot;:&quot;&quot;,&quot;show_form_title&quot;:&quot;1&quot;,&quot;tag_form_title&quot;:&quot;h2&quot;,&quot;class_form_title&quot;:&quot;&quot;,&quot;show_form_desc&quot;:&quot;1&quot;,&quot;message_style_no_access&quot;:&quot;error&quot;,&quot;action_no_access&quot;:&quot;redirection&quot;,&quot;message_no_access&quot;:&quot;&quot;,&quot;redirection_url_no_access&quot;:&quot;index.php?option=com_users&amp;view=login&quot;,&quot;stages&quot;:&quot;1&quot;,&quot;validation_position&quot;:&quot;&quot;,&quot;validation_scroll&quot;:&quot;&quot;,&quot;validation_color&quot;:&quot;&quot;,&quot;validation_background_color&quot;:&quot;&quot;}</options_site>
		<options_content />
		<options_intro>{&quot;title&quot;:&quot;&quot;,&quot;typo&quot;:&quot;1&quot;,&quot;sef&quot;:&quot;&quot;}</options_intro>
		<location />
		<storage_location>joomla_article</storage_location>
		<version>155</version>
		<checked_out>0</checked_out>
		<checked_out_time>0000-00-00 00:00:00</checked_out_time>
	</type>
	<acl>{&quot;core.create&quot;:{&quot;1&quot;:1},&quot;core.create.max.parent&quot;:{&quot;8&quot;:0},&quot;core.create.max.parent.author&quot;:{&quot;8&quot;:0},&quot;core.create.max.author&quot;:{&quot;8&quot;:0},&quot;core.delete&quot;:[],&quot;core.delete.own&quot;:[],&quot;core.edit&quot;:[],&quot;core.edit.own&quot;:[]}</acl>
	<fields>
		<field1 client="admin" ordering="1" label="" variation="" variation_override="" required="" required_alert="" validation="" validation_options="" link="" link_options="" live="" live_options="" live_value="" markup_class="" typo="" typo_label="0" typo_options="" stage="0" access="1" computation="" computation_options="" conditional="" conditional_options="" position="mainbody">sic_data_criacao</field1>
		<field2 client="site" ordering="1" label="" variation="hidden" variation_override="" required="" required_alert="" validation="" validation_options="" link="" link_options="" live="" live_options="" live_value="" markup_class="" typo="" typo_label="0" typo_options="" stage="0" access="1" computation="" computation_options="" conditional="" conditional_options="" position="mainbody">sic_email_envia</field2>
		<field3 client="site" ordering="2" label="" variation="hidden" variation_override="" required="" required_alert="" validation="" validation_options="" link="" link_options="" live="" live_options="" live_value="portal_transparecia_solicitacao_de_acesso_a_informacao" markup_class="" typo="" typo_label="0" typo_options="" stage="0" access="1" computation="" computation_options="" conditional="" conditional_options="" position="mainbody">sic_categoria</field3>
		<field4 client="site" ordering="3" label="" variation="hidden" variation_override="" required="" required_alert="" validation="" validation_options="" link="" link_options="" live="" live_options="" live_value="today" markup_class="" typo="" typo_label="0" typo_options="" stage="0" access="1" computation="" computation_options="" conditional="" conditional_options="" position="mainbody">sic_data_criacao</field4>
		<field5 client="site" ordering="4" label="Sic" variation="hidden" variation_override="" required="" required_alert="" validation="" validation_options="" link="" link_options="" live="" live_options="" live_value="" markup_class="" typo="" typo_label="0" typo_options="" stage="0" access="1" computation="" computation_options="" conditional="" conditional_options="" position="mainbody">sic_protocolo</field5>
		<field6 client="site" ordering="5" label="" variation="hidden" variation_override="" required="" required_alert="" validation="" validation_options="" link="" link_options="" live="" live_options="" live_value="" markup_class="" typo="" typo_label="0" typo_options="" stage="0" access="1" computation="" computation_options="" conditional="" conditional_options="" position="mainbody">sic_codigo</field6>
		<field7 client="site" ordering="6" label="" variation="hidden" variation_override="" required="" required_alert="" validation="" validation_options="" link="" link_options="" live="" live_options="" live_value="" markup_class="" typo="" typo_label="0" typo_options="" stage="0" access="1" computation="" computation_options="" conditional="" conditional_options="" position="mainbody">sic_titulo_id</field7>
		<field8 client="site" ordering="7" label="" variation="" variation_override="" required="required" required_alert="Campo Obrigatório!" validation="" validation_options="{&quot;alert&quot;:&quot;&quot;}" link="" link_options="" live="" live_options="" live_value="" markup_class="" typo="" typo_label="0" typo_options="" stage="0" access="1" computation="" computation_options="" conditional="" conditional_options="" position="mainbody">sic_endereco</field8>
		<field9 client="site" ordering="8" label="" variation="" variation_override="" required="required" required_alert="Campo Obrigatório!" validation="" validation_options="{&quot;alert&quot;:&quot;&quot;}" link="" link_options="" live="" live_options="" live_value="" markup_class="" typo="" typo_label="0" typo_options="" stage="0" access="1" computation="" computation_options="" conditional="" conditional_options="" position="mainbody">sic_numero</field9>
		<field10 client="site" ordering="9" label="" variation="" variation_override="" required="required" required_alert="Campo Obrigatório!" validation="" validation_options="{&quot;alert&quot;:&quot;&quot;}" link="" link_options="" live="" live_options="" live_value="" markup_class="" typo="" typo_label="0" typo_options="" stage="0" access="1" computation="" computation_options="" conditional="" conditional_options="" position="mainbody">sic_bairro</field10>
		<field11 client="site" ordering="10" label="" variation="" variation_override="" required="required" required_alert="Campo Obrigatório!" validation="" validation_options="{&quot;alert&quot;:&quot;&quot;}" link="" link_options="" live="" live_options="" live_value="" markup_class="" typo="" typo_label="0" typo_options="" stage="0" access="1" computation="" computation_options="" conditional="" conditional_options="" position="mainbody">sic_cidade</field11>
		<field12 client="site" ordering="11" label="" variation="" variation_override="" required="required" required_alert="Campo Obrigatório!" validation="" validation_options="{&quot;alert&quot;:&quot;&quot;}" link="" link_options="" live="" live_options="" live_value="" markup_class="" typo="" typo_label="0" typo_options="" stage="0" access="1" computation="" computation_options="" conditional="" conditional_options="" position="mainbody">sic_cep</field12>
		<field13 client="site" ordering="12" label="" variation="" variation_override="" required="required" required_alert="Campo Obrigatório!" validation="" validation_options="{&quot;alert&quot;:&quot;&quot;}" link="" link_options="" live="" live_options="" live_value="MG" markup_class="" typo="" typo_label="0" typo_options="" stage="0" access="1" computation="" computation_options="" conditional="" conditional_options="" position="mainbody">sic_uf</field13>
		<field14 client="site" ordering="13" label="" variation="" variation_override="" required="" required_alert="" validation="" validation_options="" link="" link_options="" live="" live_options="" live_value="Leia com atenção!" markup_class="" typo="" typo_label="0" typo_options="" stage="0" access="1" computation="" computation_options="" conditional="" conditional_options="" position="top-a">sic_intro</field14>
		<field15 client="site" ordering="14" label="" variation="" variation_override="" required="required" required_alert="Campo Obrigatório!" validation="" validation_options="{&quot;alert&quot;:&quot;&quot;}" link="" link_options="" live="" live_options="" live_value="" markup_class="" typo="" typo_label="0" typo_options="" stage="0" access="1" computation="" computation_options="" conditional="" conditional_options="" position="top-a">sic_perfil</field15>
		<field16 client="site" ordering="15" label="" variation="" variation_override="" required="required" required_alert="" validation="" validation_options="{&quot;alert&quot;:&quot;&quot;}" link="" link_options="" live="" live_options="" live_value="" markup_class="" typo="" typo_label="0" typo_options="" stage="0" access="1" computation="" computation_options="" conditional="sic_perfil" conditional_options="[{&quot;states&quot;:[{&quot;type&quot;:&quot;isHidden&quot;,&quot;selector&quot;:&quot;&quot;,&quot;revert&quot;:&quot;1&quot;,&quot;value&quot;:&quot;&quot;}],&quot;conditions&quot;:[{&quot;type&quot;:&quot;isEqual&quot;,&quot;trigger&quot;:&quot;sic_perfil&quot;,&quot;value&quot;:&quot;Pessoa Jurídica&quot;}],&quot;rule&quot;:&quot;and&quot;},{&quot;states&quot;:[{&quot;type&quot;:&quot;isVisible&quot;,&quot;selector&quot;:&quot;&quot;,&quot;revert&quot;:&quot;1&quot;,&quot;value&quot;:&quot;&quot;}],&quot;conditions&quot;:[{&quot;type&quot;:&quot;isEqual&quot;,&quot;trigger&quot;:&quot;sic_perfil&quot;,&quot;value&quot;:&quot;Pessoa Física&quot;}],&quot;rule&quot;:&quot;and&quot;},{&quot;states&quot;:[{&quot;type&quot;:&quot;isDisabled&quot;,&quot;selector&quot;:&quot; #form#&quot;,&quot;revert&quot;:&quot;1&quot;,&quot;value&quot;:&quot;&quot;}],&quot;conditions&quot;:[{&quot;type&quot;:&quot;isEqual&quot;,&quot;trigger&quot;:&quot;sic_perfil&quot;,&quot;value&quot;:&quot;Pessoa Jurídica&quot;}],&quot;rule&quot;:&quot;and&quot;}]" position="top-a">sic_cpf</field16>
		<field17 client="site" ordering="16" label="" variation="" variation_override="" required="required" required_alert="Campo Obrigatório!" validation="" validation_options="{&quot;alert&quot;:&quot;&quot;}" link="" link_options="" live="" live_options="" live_value="" markup_class="" typo="" typo_label="0" typo_options="" stage="0" access="1" computation="" computation_options="" conditional="sic_perfil" conditional_options="[{&quot;states&quot;:[{&quot;type&quot;:&quot;isVisible&quot;,&quot;selector&quot;:&quot;&quot;,&quot;revert&quot;:&quot;1&quot;,&quot;value&quot;:&quot;&quot;}],&quot;conditions&quot;:[{&quot;type&quot;:&quot;isEqual&quot;,&quot;trigger&quot;:&quot;sic_perfil&quot;,&quot;value&quot;:&quot;Pessoa Jurídica&quot;}],&quot;rule&quot;:&quot;and&quot;},{&quot;states&quot;:[{&quot;type&quot;:&quot;isHidden&quot;,&quot;selector&quot;:&quot;&quot;,&quot;revert&quot;:&quot;1&quot;,&quot;value&quot;:&quot;&quot;}],&quot;conditions&quot;:[{&quot;type&quot;:&quot;isEqual&quot;,&quot;trigger&quot;:&quot;sic_perfil&quot;,&quot;value&quot;:&quot;Pessoa Física&quot;}],&quot;rule&quot;:&quot;and&quot;},{&quot;states&quot;:[{&quot;type&quot;:&quot;isDisabled&quot;,&quot;selector&quot;:&quot; #form#&quot;,&quot;revert&quot;:&quot;1&quot;,&quot;value&quot;:&quot;&quot;}],&quot;conditions&quot;:[{&quot;type&quot;:&quot;isEqual&quot;,&quot;trigger&quot;:&quot;sic_perfil&quot;,&quot;value&quot;:&quot;Pessoa Física&quot;}],&quot;rule&quot;:&quot;and&quot;}]" position="top-a">sic_cnpj</field17>
		<field18 client="site" ordering="17" label="" variation="" variation_override="" required="required" required_alert="Campo Obrigatório!" validation="" validation_options="{&quot;alert&quot;:&quot;&quot;}" link="" link_options="" live="" live_options="" live_value="" markup_class="" typo="" typo_label="0" typo_options="" stage="0" access="1" computation="" computation_options="" conditional="" conditional_options="" position="top-a">sic_nome</field18>
		<field19 client="site" ordering="18" label="" variation="" variation_override="" required="required" required_alert="Campo Obrigatório!" validation="email" validation_options="{&quot;alert&quot;:&quot;E-mail inválido&quot;}" link="" link_options="" live="" live_options="" live_value="" markup_class="" typo="" typo_label="0" typo_options="" stage="0" access="1" computation="" computation_options="" conditional="" conditional_options="" position="top-a">sic_email</field19>
		<field20 client="site" ordering="19" label="" variation="" variation_override="" required="required" required_alert="Campo Obrigatório!" validation="" validation_options="{&quot;alert&quot;:&quot;&quot;}" link="" link_options="" live="" live_options="" live_value="" markup_class="" typo="" typo_label="0" typo_options="" stage="0" access="1" computation="" computation_options="" conditional="" conditional_options="" position="top-a">sic_telefone</field20>
		<field21 client="site" ordering="20" label="" variation="" variation_override="" required="required" required_alert="Campo Obrigatório!" validation="" validation_options="{&quot;alert&quot;:&quot;&quot;}" link="" link_options="" live="" live_options="" live_value="" markup_class="" typo="" typo_label="0" typo_options="" stage="0" access="1" computation="" computation_options="" conditional="" conditional_options="" position="bottom-a">sic_orgao_publico</field21>
		<field22 client="site" ordering="21" label="" variation="" variation_override="" required="required" required_alert="Campo Obrigatório!" validation="" validation_options="{&quot;alert&quot;:&quot;&quot;}" link="" link_options="" live="" live_options="" live_value="" markup_class="" typo="" typo_label="0" typo_options="" stage="0" access="1" computation="" computation_options="" conditional="" conditional_options="" position="bottom-a">sic_mensagem</field22>
		<field23 client="site" ordering="22" label="" variation="" variation_override="" required="required" required_alert="Campo Obrigatório!" validation="" validation_options="{&quot;alert&quot;:&quot;&quot;}" link="" link_options="" live="" live_options="" live_value="" markup_class="" typo="" typo_label="0" typo_options="" stage="0" access="1" computation="" computation_options="" conditional="" conditional_options="" position="bottom-a">sic_recebimento_da_resposta</field23>
		<field24 client="site" ordering="23" label="Enviar" variation="" variation_override="" required="" required_alert="" validation="" validation_options="" link="" link_options="" live="" live_options="" live_value="" markup_class="" typo="" typo_label="0" typo_options="" stage="0" access="1" computation="" computation_options="" conditional="" conditional_options="" position="bottom-a">button_submit</field24>
	</fields>
	<positions>
		<position1 client="admin" legend="" variation="" variation_options="" width="" height="" css="">clear</position1>
		<position2 client="admin" legend="" variation="" variation_options="" width="" height="" css="">mainbody</position2>
		<position3 client="intro" legend="" variation="" variation_options="" width="" height="" css="">clear</position3>
		<position4 client="site" legend="" variation="" variation_options="" width="" height="" css="">bottom-a</position4>
		<position5 client="site" legend="" variation="" variation_options="" width="" height="" css="">clear</position5>
		<position6 client="site" legend="" variation="" variation_options="" width="" height="" css="">mainbody</position6>
		<position7 client="site" legend="" variation="" variation_options="" width="" height="" css="">top-a</position7>
	</positions>
</cck>